payout_reference,merchant_id,amount_minor,currency,bank_ref_1,paid_at_1,bank_ref_2,paid_at_2
payout-881542,30098,989116,EUR,BNK-E5DF682DBD6D,2026-08-14T14:02:05.712Z,BNK-4E9E2CC643EE,2026-08-14T14:02:53.000Z
payout-881543,38017,328755,EUR,BNK-7C04241364B9,2026-08-14T14:02:05.897Z,BNK-440E246047CD,2026-08-14T14:02:53.221Z
payout-881544,36936,150027,EUR,BNK-D21F2E8F65AD,2026-08-14T14:02:06.213Z,BNK-FEE005E65B01,2026-08-14T14:02:53.512Z
payout-881545,35855,2227315,EUR,BNK-5A6DC6E39A8F,2026-08-14T14:02:06.474Z,BNK-91B568CC6FDE,2026-08-14T14:02:53.792Z
payout-881546,34774,1790738,EUR,BNK-F8DDC1A5BB87,2026-08-14T14:02:06.681Z,BNK-442F17D66CED,2026-08-14T14:02:54.075Z
payout-881547,33693,132724,EUR,BNK-8CD5B6CB233C,2026-08-14T14:02:06.938Z,BNK-66CA25384AB1,2026-08-14T14:02:54.357Z
payout-881548,32612,1868228,EUR,BNK-742585ED3A4B,2026-08-14T14:02:07.145Z,BNK-9B525D702B2E,2026-08-14T14:02:54.648Z
payout-881549,31531,1926077,EUR,BNK-AD3516C7212A,2026-08-14T14:02:07.389Z,BNK-89F0B5E799EC,2026-08-14T14:02:54.905Z
payout-881550,30450,2107747,EUR,BNK-E2948DECDFE3,2026-08-14T14:02:07.582Z,BNK-5E1D53288099,2026-08-14T14:02:55.151Z
payout-881551,38369,620955,EUR,BNK-E776A6B61594,2026-08-14T14:02:07.887Z,BNK-DF0494C36384,2026-08-14T14:02:55.378Z
payout-881552,37288,1515481,EUR,BNK-F22C3B176D8A,2026-08-14T14:02:08.102Z,BNK-20B752F91E8E,2026-08-14T14:02:55.622Z
payout-881553,36207,369314,EUR,BNK-0280668BE13F,2026-08-14T14:02:08.415Z,BNK-44774E8E063F,2026-08-14T14:02:55.837Z
payout-881554,35126,2394445,EUR,BNK-F57FD692E281,2026-08-14T14:02:08.718Z,BNK-A868CAA0E429,2026-08-14T14:02:56.057Z
payout-881555,34045,559271,EUR,BNK-B4375B9AF978,2026-08-14T14:02:09.033Z,BNK-EE94FF5657FA,2026-08-14T14:02:56.349Z
payout-881556,32964,349725,EUR,BNK-3218015F332E,2026-08-14T14:02:09.242Z,BNK-49EB38ABF17A,2026-08-14T14:02:56.625Z
payout-881557,31883,2079254,EUR,BNK-EB3F49C22F2A,2026-08-14T14:02:09.459Z,BNK-EA776BBB9ABF,2026-08-14T14:02:56.915Z
payout-881558,30802,1251097,EUR,BNK-D8F7895B5746,2026-08-14T14:02:09.717Z,BNK-DA92796BBF52,2026-08-14T14:02:57.129Z
payout-881559,38721,1152631,EUR,BNK-F3E6312A07C0,2026-08-14T14:02:09.933Z,BNK-1C11183D79CB,2026-08-14T14:02:57.384Z
payout-881560,37640,1193520,EUR,BNK-B072433CB49B,2026-08-14T14:02:10.163Z,BNK-CE1E5E5901C5,2026-08-14T14:02:57.645Z
payout-881561,36559,483852,EUR,BNK-8A709489CD1F,2026-08-14T14:02:10.373Z,BNK-CC4CAF803F4E,2026-08-14T14:02:57.930Z
payout-881562,35478,2037474,EUR,BNK-EE23C7ECE104,2026-08-14T14:02:10.564Z,BNK-5B2CF85D808B,2026-08-14T14:02:58.206Z
payout-881563,34397,553569,EUR,BNK-EB1B45CC1218,2026-08-14T14:02:10.807Z,BNK-60DDF9C9B287,2026-08-14T14:02:58.481Z
payout-881564,33316,1157366,EUR,BNK-823314E9A258,2026-08-14T14:02:11.016Z,BNK-1A275FC22F4C,2026-08-14T14:02:58.735Z
payout-881565,32235,1216869,EUR,BNK-7AF7476620F5,2026-08-14T14:02:11.301Z,BNK-4FC037A37835,2026-08-14T14:02:59.003Z
payout-881566,31154,1146103,EUR,BNK-F5380E519321,2026-08-14T14:02:11.493Z,BNK-1F8E6701E146,2026-08-14T14:02:59.285Z
payout-881567,30073,188687,EUR,BNK-E5237A54C7DE,2026-08-14T14:02:11.745Z,BNK-00722D088D17,2026-08-14T14:02:59.527Z
payout-881568,37992,194094,EUR,BNK-C15C4F533D54,2026-08-14T14:02:11.970Z,BNK-9F1ED645C136,2026-08-14T14:02:59.778Z
payout-881569,36911,1966538,EUR,BNK-40F119F239AC,2026-08-14T14:02:12.224Z,BNK-9C38A6FD54A7,2026-08-14T14:03:00.027Z
payout-881570,35830,315875,EUR,BNK-4C7EC8B24118,2026-08-14T14:02:12.408Z,BNK-50C26E60ACF4,2026-08-14T14:03:00.319Z
payout-881572,33668,997925,EUR,BNK-D3C94114CF81,2026-08-14T14:02:12.764Z,BNK-591A46D99C76,2026-08-14T14:03:00.552Z
payout-881573,32587,2396478,EUR,BNK-EF1E06029D4F,2026-08-14T14:02:13.005Z,BNK-9CF13AC8DB49,2026-08-14T14:03:00.805Z
payout-881574,31506,744046,EUR,BNK-DDE8C9FCB0CA,2026-08-14T14:02:13.287Z,BNK-93A45FCEF078,2026-08-14T14:03:01.015Z
payout-881575,30425,1145192,EUR,BNK-C4C5B8183480,2026-08-14T14:02:13.556Z,BNK-8E1110CC5CA5,2026-08-14T14:03:01.244Z
payout-881576,38344,1071795,EUR,BNK-BA553B444BDB,2026-08-14T14:02:13.863Z,BNK-93893720EDC2,2026-08-14T14:03:01.500Z
payout-881577,37263,1768975,EUR,BNK-A24619747496,2026-08-14T14:02:14.139Z,BNK-43C27B02DB51,2026-08-14T14:03:01.727Z
payout-881578,36182,1880484,EUR,BNK-CEDB928E40D3,2026-08-14T14:02:14.336Z,BNK-E65855362456,2026-08-14T14:03:01.992Z
payout-881579,35101,1327224,EUR,BNK-C2FE46784354,2026-08-14T14:02:14.516Z,BNK-D718A4B237E2,2026-08-14T14:03:02.194Z
